precision,accuracy,recall,duration
0.9720568783068784,0.9675675675675676,0.9724020998158929,0.4589874744415283
