precision,accuracy,recall,duration
0.9632866020679471,0.9621621621621622,0.9702236652236651,0.46498680114746094
