precision,accuracy,recall,duration
0.9515201289770254,0.9486486486486486,0.9585639647708611,0.49097585678100586
