precision,accuracy,recall,duration
0.02642642642642643,0.23783783783783785,0.1111111111111111,35.685909032821655
