precision,accuracy,recall,duration
0.9672465268511338,0.9648648648648649,0.9714862914862914,0.7629873752593994
