precision,accuracy,recall,duration
0.9228063214645529,0.918918918918919,0.9260737921082749,0.4720001220703125
