precision,accuracy,recall,duration
0.7450842129772332,0.6756756756756757,0.7141157884261333,26.342284679412842
