precision,accuracy,recall,duration
0.950220027048421,0.9513513513513514,0.9430972525188321,26.141181230545044
