precision,accuracy,recall,duration
0.9172232752541021,0.9216216216216216,0.9324714248796562,25.346226453781128
