precision,accuracy,recall,duration
0.010510510510510511,0.0945945945945946,0.1111111111111111,44.531638383865356
