precision,accuracy,recall,duration
0.012012012012012012,0.10810810810810811,0.1111111111111111,40.185770988464355
