precision,accuracy,recall,duration
0.9635279081639234,0.9621621621621622,0.9679576553714485,1.243962287902832
