precision,accuracy,recall,duration
0.9715813317331343,0.9702702702702702,0.9768831168831169,1.3189609050750732
