precision,accuracy,recall,duration
0.9872599872599872,0.9891891891891892,0.988549285963079,30.912062644958496
