precision,accuracy,recall,duration
0.985925976978379,0.9837837837837838,0.9828568940637905,26.37618398666382
