precision,accuracy,recall,duration
0.013213213213213214,0.11891891891891893,0.1111111111111111,39.5897798538208
