precision,accuracy,recall,duration
0.9599066646860764,0.9594594594594594,0.9660384634522566,0.7249784469604492
