precision,accuracy,recall,duration
0.9553982426816954,0.9540540540540541,0.9641697765835696,0.8169770240783691
