precision,accuracy,recall,duration
0.015015015015015017,0.13513513513513514,0.1111111111111111,37.957109212875366
