precision,accuracy,recall,duration
0.9312974272835108,0.9297297297297298,0.9467471633545048,0.5559966564178467
