precision,accuracy,recall,duration
0.9652501945224726,0.9648648648648649,0.9724386724386724,1.459977388381958
