precision,accuracy,recall,duration
0.9586618485137267,0.9567567567567568,0.9641700253769218,0.4489860534667969
