precision,accuracy,recall,duration
0.8905286705663085,0.8864864864864865,0.8993470779622059,0.8679733276367188
