precision,accuracy,recall,duration
0.988754818166583,0.9891891891891892,0.9898629148629148,30.034082174301147
