precision,accuracy,recall,duration
0.008708708708708709,0.07837837837837838,0.1111111111111111,40.299235105514526
