precision,accuracy,recall,duration
0.9630862511345369,0.9621621621621622,0.9695670995670996,0.5029606819152832
