precision,accuracy,recall,duration
0.7578124184794668,0.754054054054054,0.7930781195074855,1.5729668140411377
