precision,accuracy,recall,duration
0.9646651893451518,0.9621621621621622,0.9702236652236651,0.7459676265716553
